	samplename	var_	count	acc_var_	original_varname	acc_varname	groupid	groupname	higher_groupid	included_in_percent_sum	make_percent	higher_groupname	group_order	sums	percentage
0	Barboni_a1409	4	6	4	Alnus	Alnus	TRSH	Trees & Shrubs	TRSH	True	True	Trees & Shrubs	0	396	1.5151515
1	Barboni_a1409	574	6	7	Carpinus betulus	Carpinus betulus	TRSH	Trees & Shrubs	TRSH	True	True	Trees & Shrubs	0	396	1.5151515
2	Barboni_a1409	9	9	9	Corylus	Corylus	TRSH	Trees & Shrubs	TRSH	True	True	Trees & Shrubs	0	396	2.2727273
3	Barboni_a1409	3418	5	3418	Crataegus-type	Crataegus-type	TRSH	Trees & Shrubs	TRSH	True	True	Trees & Shrubs	0	396	1.2626263
4	Barboni_a1409	11	1	11	Ericaceae	Ericales (tetrad)	DWAR	Dwarf shrubs	TRSH	True	True	Trees & Shrubs	0	396	0.25252525
5	Barboni_a1409	12	2	12	Fagus	Fagus	TRSH	Trees & Shrubs	TRSH	True	True	Trees & Shrubs	0	396	0.50505051
6	Barboni_a1409	72	1	72	Fraxinus ornus	Fraxinus ornus	TRSH	Trees & Shrubs	TRSH	True	True	Trees & Shrubs	0	396	0.25252525
7	Barboni_a1409	15	2	15	Juglans	Juglans	TRSH	Trees & Shrubs	TRSH	True	True	Trees & Shrubs	0	396	0.50505051
8	Barboni_a1409	85	1	85	Juniperus	Juniperus communis-type	TRSH	Trees & Shrubs	TRSH	True	True	Trees & Shrubs	0	396	0.25252525
9	Barboni_a1409	883	1	883	Morus	Morus	TRSH	Trees & Shrubs	TRSH	True	True	Trees & Shrubs	0	396	0.25252525
10	Barboni_a1409	792	1	792	Oleaceae	Oleaceae	TRSH	Trees & Shrubs	TRSH	True	True	Trees & Shrubs	0	396	0.25252525
11	Barboni_a1409	1624	2	97	Ostrya/Carpinus	Ostrya/Carpinus orientalis	TRSH	Trees & Shrubs	TRSH	True	True	Trees & Shrubs	0	396	0.50505051
12	Barboni_a1409	3799	1	3799	Paliurus	Paliurus	TRSH	Trees & Shrubs	TRSH	True	True	Trees & Shrubs	0	396	0.25252525
13	Barboni_a1409	19	127	19	Pinus	Pinus	TRSH	Trees & Shrubs	TRSH	True	True	Trees & Shrubs	0	396	32.070707
14	Barboni_a1409	104	1	104	Platanus	Platanus	TRSH	Trees & Shrubs	TRSH	True	True	Trees & Shrubs	0	396	0.25252525
15	Barboni_a1409	1061	11	110	Quercus cerris-type	Quercus cerris-type	TRSH	Trees & Shrubs	TRSH	True	True	Trees & Shrubs	0	396	2.7777778
16	Barboni_a1409	3990	8	3990	Quercus undifferentiated	Quercus undifferentiated	TRSH	Trees & Shrubs	TRSH	True	True	Trees & Shrubs	0	396	2.020202
17	Barboni_a1409	1424	1	643	Rosa-type	Rosa	TRSH	Trees & Shrubs	TRSH	True	True	Trees & Shrubs	0	396	0.25252525
18	Barboni_a1409	118	2	118	Rosaceae	Rosaceae	TRSH	Trees & Shrubs	TRSH	True	True	Trees & Shrubs	0	396	0.50505051
19	Barboni_a1409	162	1	162	Rubus	Rubus	TRSH	Trees & Shrubs	TRSH	True	True	Trees & Shrubs	0	396	0.25252525
20	Barboni_a1409	25	3	25	Salix	Salix	TRSH	Trees & Shrubs	TRSH	True	True	Trees & Shrubs	0	396	0.75757576
21	Barboni_a1409	31	2	31	Ulmus	Ulmus/Zelkova	TRSH	Trees & Shrubs	TRSH	True	True	Trees & Shrubs	0	396	0.50505051
22	Barboni_a1409	146	1	146	Vitis	Vitis	TRSH	Trees & Shrubs	TRSH	True	True	Trees & Shrubs	0	396	0.25252525
23	Barboni_a1409	601	1	36	Umbelliferae	Apiaceae	HERB	Herbs	HERB	True	True	Herbs	5	396	0.25252525
24	Barboni_a1409	2291	1	1469	Bidens-type	Bidens-type	HERB	Herbs	HERB	True	True	Herbs	5	396	0.25252525
25	Barboni_a1409	3195	1	3195	Brassica-type	Brassica-type	HERB	Herbs	HERB	True	True	Herbs	5	396	0.25252525
26	Barboni_a1409	46	3	46	Caryophyllaceae	Caryophyllaceae (periporate excl. Paronychioideae)	HERB	Herbs	HERB	True	True	Herbs	5	396	0.75757576
27	Barboni_a1409	3245	2	3245	Centaurea solstitialis-type	Centaurea solstitialis-type	HERB	Herbs	HERB	True	True	Herbs	5	396	0.50505051
28	Barboni_a1409	1075	6	50	Cerealia-type	Cerealia-type	HERB	Herbs	HERB	True	True	Herbs	5	396	1.5151515
29	Barboni_a1409	52	9	52	Chenopodiaceae	Chenopodiaceae/Amaranthaceae	HERB	Herbs	HERB	True	True	Herbs	5	396	2.2727273
30	Barboni_a1409	3381	17	3381	Compositae subfam. Asteroideae	Compositae subfam. Asteroideae	HERB	Herbs	HERB	True	True	Herbs	5	396	4.2929293
31	Barboni_a1409	61	6	61	Cyperaceae	Cyperaceae	HERB	Herbs	HERB	True	True	Herbs	5	396	1.5151515
32	Barboni_a1409	68	1	68	Euphorbia	Euphorbia	HERB	Herbs	HERB	True	True	Herbs	5	396	0.25252525
33	Barboni_a1409	3522	5	3522	Filago-type	Filago-type	HERB	Herbs	HERB	True	True	Herbs	5	396	1.2626263
34	Barboni_a1409	3548	17	3548	Galium-type	Galium-type	HERB	Herbs	HERB	True	True	Herbs	5	396	4.2929293
35	Barboni_a1409	537	1	537	Gentianaceae	Gentianaceae	HERB	Herbs	HERB	True	True	Herbs	5	396	0.25252525
36	Barboni_a1409	1082	2	34	Matricaria-type	Matricaria-type	HERB	Herbs	HERB	True	True	Herbs	5	396	0.50505051
37	Barboni_a1409	93	1	93	Mercurialis annua	Mercurialis annua	HERB	Herbs	HERB	True	True	Herbs	5	396	0.25252525
38	Barboni_a1409	1085	37	87	Plantago lanceolata-type	Plantago lanceolata-type	HERB	Herbs	HERB	True	True	Herbs	5	396	9.3434343
39	Barboni_a1409	3885	7	3885	Plantago tenuiflora-type	Plantago tenuiflora-type	HERB	Herbs	HERB	True	True	Herbs	5	396	1.7676768
40	Barboni_a1409	1611	66	106	Gramineae	Poaceae	HERB	Herbs	HERB	True	True	Herbs	5	396	16.666667
41	Barboni_a1409	3997	1	3997	Ranunculus asiaticus-type	Ranunculus asiaticus-type	HERB	Herbs	HERB	True	True	Herbs	5	396	0.25252525
42	Barboni_a1409	4005	1	4005	Ranunculus repens-type	Ranunculus repens-type	HERB	Herbs	HERB	True	True	Herbs	5	396	0.25252525
43	Barboni_a1409	642	1	642	Rhinanthus-type	Rhinanthus-type	HERB	Herbs	HERB	True	True	Herbs	5	396	0.25252525
44	Barboni_a1409	645	3	121	Rumex acetosa-type	Rumex acetosa-type	HERB	Herbs	HERB	True	True	Herbs	5	396	0.75757576
45	Barboni_a1409	126	1	126	Sanguisorba minor	Sanguisorba minor-type	HERB	Herbs	HERB	True	True	Herbs	5	396	0.25252525
46	Barboni_a1409	1240	2	154	Senecio-type	Senecio-type	HERB	Herbs	HERB	True	True	Herbs	5	396	0.50505051
47	Barboni_a1409	4219	1	4219	Thymus/Mentha	Thymus/Mentha	HERB	Herbs	HERB	True	True	Herbs	5	396	0.25252525
48	Barboni_a1409	1294	1	140	Trifolium-type	Trifolium-type	HERB	Herbs	HERB	True	True	Herbs	5	396	0.25252525
49	Barboni_a1409	4270	2	466	Urtica dioica-type	Urtica dioica-type	HERB	Herbs	HERB	True	True	Herbs	5	396	0.50505051
50	Barboni_a1409	823	2	439	Zea mays	Zea mays	HERB	Herbs	HERB	True	True	Herbs	5	396	0.50505051
51	Barboni_a1409	1257	2	783	Dryopteris-type	Dryopteris-type	VACR	Vascular cryptogams (Pteridophytes)	VACR	True	True	Ferns	6	396	0.50505051
52	Barboni_a1409	2446	1	2278	Ophioglossum	Ophioglossum	VACR	Vascular cryptogams (Pteridophytes)	VACR	True	True	Ferns	6	396	0.25252525
53	Barboni_a1409	3166	1	3166	Azolla	Azolla	AQPT	Aquatic Pteridophyta	AQUA	False	True	Aquatics	7	396	0.25252525
54	Barboni_a1409	564	1	382	Isoetes	Isoetes	AQPT	Aquatic Pteridophyta	AQUA	False	True	Aquatics	7	396	0.25252525
55	Barboni_a1409	668	1	133	Potamogeton	Potamogeton-type	AQUA	Aquatics	AQUA	False	True	Aquatics	7	396	0.25252525
56	Barboni_a1409	1096	14	196	Sparganium-type	Sparganium-type	AQUA	Aquatics	AQUA	False	True	Aquatics	7	396	3.5353535
