	samplename	var_	count	acc_var_	original_varname	acc_varname	groupid	groupname	higher_groupid	included_in_percent_sum	make_percent	higher_groupname	group_order	sums	percentage
0	Barboni_a847	4	7	4	Alnus	Alnus	TRSH	Trees & Shrubs	TRSH	True	True	Trees & Shrubs	0	513	1.3645224
1	Barboni_a847	5	5	5	Betula	Betula	TRSH	Trees & Shrubs	TRSH	True	True	Trees & Shrubs	0	513	0.97465887
2	Barboni_a847	574	1	7	Carpinus betulus	Carpinus betulus	TRSH	Trees & Shrubs	TRSH	True	True	Trees & Shrubs	0	513	0.19493177
3	Barboni_a847	454	1	47	Castanea	Castanea sativa	TRSH	Trees & Shrubs	TRSH	True	True	Trees & Shrubs	0	513	0.19493177
4	Barboni_a847	9	8	9	Corylus	Corylus	TRSH	Trees & Shrubs	TRSH	True	True	Trees & Shrubs	0	513	1.5594542
5	Barboni_a847	2433	1	64	Ephedra fragilis-type	Ephedra fragilis-type	TRSH	Trees & Shrubs	TRSH	True	True	Trees & Shrubs	0	513	0.19493177
6	Barboni_a847	3499	13	3499	Ericales undifferentiated	Ericales undifferentiated	DWAR	Dwarf shrubs	TRSH	True	True	Trees & Shrubs	0	513	2.5341131
7	Barboni_a847	15	1	15	Juglans	Juglans	TRSH	Trees & Shrubs	TRSH	True	True	Trees & Shrubs	0	513	0.19493177
8	Barboni_a847	749	18	28	Juniperus-type	Juniperus-type	TRSH	Trees & Shrubs	TRSH	True	True	Trees & Shrubs	0	513	3.5087719
9	Barboni_a847	16	1	16	Larix	Larix/Pseudotsuga	TRSH	Trees & Shrubs	TRSH	True	True	Trees & Shrubs	0	513	0.19493177
10	Barboni_a847	455	43	95	Olea	Olea europaea	TRSH	Trees & Shrubs	TRSH	True	True	Trees & Shrubs	0	513	8.3820663
11	Barboni_a847	583	20	97	Ostrya-type	Ostrya/Carpinus orientalis	TRSH	Trees & Shrubs	TRSH	True	True	Trees & Shrubs	0	513	3.8986355
12	Barboni_a847	19	23	19	Pinus	Pinus	TRSH	Trees & Shrubs	TRSH	True	True	Trees & Shrubs	0	513	4.4834308
13	Barboni_a847	103	1	103	Pistacia	Pistacia	TRSH	Trees & Shrubs	TRSH	True	True	Trees & Shrubs	0	513	0.19493177
14	Barboni_a847	1959	1	209	Pterocarya	Pterocarya	TRSH	Trees & Shrubs	TRSH	True	True	Trees & Shrubs	0	513	0.19493177
15	Barboni_a847	208	153	208	Quercus	Quercus	TRSH	Trees & Shrubs	TRSH	True	True	Trees & Shrubs	0	513	29.824561
16	Barboni_a847	25	5	25	Salix	Salix	TRSH	Trees & Shrubs	TRSH	True	True	Trees & Shrubs	0	513	0.97465887
17	Barboni_a847	493	4	423	Sambucus	Sambucus	TRSH	Trees & Shrubs	TRSH	True	True	Trees & Shrubs	0	513	0.7797271
18	Barboni_a847	31	1	31	Ulmus	Ulmus/Zelkova	TRSH	Trees & Shrubs	TRSH	True	True	Trees & Shrubs	0	513	0.19493177
19	Barboni_a847	146	2	146	Vitis	Vitis	TRSH	Trees & Shrubs	TRSH	True	True	Trees & Shrubs	0	513	0.38986355
20	Barboni_a847	1387	1	597	Ambrosia-type	Ambrosia	HERB	Herbs	HERB	True	True	Herbs	5	513	0.19493177
21	Barboni_a847	601	2	36	Umbelliferae	Apiaceae	HERB	Herbs	HERB	True	True	Herbs	5	513	0.38986355
22	Barboni_a847	37	9	37	Artemisia	Artemisia	HERB	Herbs	HERB	True	True	Herbs	5	513	1.754386
23	Barboni_a847	494	5	42	Cruciferae	Brassicaceae	HERB	Herbs	HERB	True	True	Herbs	5	513	0.97465887
24	Barboni_a847	46	1	46	Caryophyllaceae	Caryophyllaceae (periporate excl. Paronychioideae)	HERB	Herbs	HERB	True	True	Herbs	5	513	0.19493177
25	Barboni_a847	1075	16	50	Cerealia-type	Cerealia-type	HERB	Herbs	HERB	True	True	Herbs	5	513	3.1189084
26	Barboni_a847	52	9	52	Chenopodiaceae	Chenopodiaceae/Amaranthaceae	HERB	Herbs	HERB	True	True	Herbs	5	513	1.754386
27	Barboni_a847	3383	1	3383	Compositae subfam. Cichorioideae	Compositae subfam. Cichorioideae	HERB	Herbs	HERB	True	True	Herbs	5	513	0.19493177
28	Barboni_a847	61	10	61	Cyperaceae	Cyperaceae	HERB	Herbs	HERB	True	True	Herbs	5	513	1.9493177
29	Barboni_a847	3548	1	3548	Galium-type	Galium-type	HERB	Herbs	HERB	True	True	Herbs	5	513	0.19493177
30	Barboni_a847	3592	1	3592	Helianthemum-type	Helianthemum-type	HERB	Herbs	HERB	True	True	Herbs	5	513	0.19493177
31	Barboni_a847	600	1	34	Anthemis-type	Matricaria-type	HERB	Herbs	HERB	True	True	Herbs	5	513	0.19493177
32	Barboni_a847	1083	1	92	Mentha-type	Mentha-type	HERB	Herbs	HERB	True	True	Herbs	5	513	0.19493177
33	Barboni_a847	2969	16	286	Plantago undifferentiated	Plantago	HERB	Herbs	HERB	True	True	Herbs	5	513	3.1189084
34	Barboni_a847	1611	115	106	Gramineae	Poaceae	HERB	Herbs	HERB	True	True	Herbs	5	513	22.417154
35	Barboni_a847	1088	1	278	Polygonum aviculare-type	Polygonum aviculare-type	HERB	Herbs	HERB	True	True	Herbs	5	513	0.19493177
36	Barboni_a847	738	4	120	Rumex	Rumex/Oxyria	HERB	Herbs	HERB	True	True	Herbs	5	513	0.7797271
37	Barboni_a847	2437	3	154	Solidago-type	Senecio-type	HERB	Herbs	HERB	True	True	Herbs	5	513	0.58479532
38	Barboni_a847	3199	1	168	Bryophyte spores	Bryophyte spores	BRYO	Bryophytes	VACR	True	True	Ferns	6	513	0.19493177
39	Barboni_a847	166	5	166	Equisetum	Equisetum	VACR	Vascular cryptogams (Pteridophytes)	VACR	True	True	Ferns	6	513	0.97465887
40	Barboni_a847	3751	1	3751	Monolete spore(s)	Monolete spore(s)	VACR	Vascular cryptogams (Pteridophytes)	VACR	True	True	Ferns	6	513	0.19493177
41	Barboni_a847	1168	38	392	Myriophyllum spicatum	Myriophyllum spicatum	AQUA	Aquatics	AQUA	False	True	Aquatics	7	513	7.4074074
42	Barboni_a847	1585	3	1272	Myriophyllum verticillatum	Myriophyllum verticillatum	AQUA	Aquatics	AQUA	False	True	Aquatics	7	513	0.58479532
43	Barboni_a847	1505	1	1505	Nuphar	Nuphar	AQUA	Aquatics	AQUA	False	True	Aquatics	7	513	0.19493177
44	Barboni_a847	638	5	638	Nymphaea	Nymphaea	AQUA	Aquatics	AQUA	False	True	Aquatics	7	513	0.97465887
45	Barboni_a847	668	1	133	Potamogeton	Potamogeton-type	AQUA	Aquatics	AQUA	False	True	Aquatics	7	513	0.19493177
46	Barboni_a847	4257	22	4257	Typha angustifolia-type	Typha angustifolia-type	AQUA	Aquatics	AQUA	False	True	Aquatics	7	513	4.288499
47	Barboni_a847	1297	1	433	Typha latifolia	Typha latifolia	HELO	Helophytes	AQUA	False	True	Aquatics	7	513	0.19493177
48	Barboni_a847	3628	1	1934	Indeterminable: crumpled	Indeterminable: crumpled	INUN	Indeterminables and unknowns	INUN	False	False	Indeterminables and unknowns	16	513	
49	Barboni_a847	3287	2	3287	cf. Humulus	cf. Humulus	INUN	Indeterminables and unknowns	INUN	False	False	Indeterminables and unknowns	16	513	
