	samplename	var_	count	acc_var_	original_varname	acc_varname	groupid	groupname	higher_groupid	included_in_percent_sum	make_percent	higher_groupname	group_order	sums	percentage
0	Connor_e2	1	2	1	Abies	Abies	TRSH	Trees & Shrubs	TRSH	True	True	Trees & Shrubs	0	595	0.33613445
1	Connor_e2	175	218	175	Alnus glutinosa-type	Alnus glutinosa-type	TRSH	Trees & Shrubs	TRSH	True	True	Trees & Shrubs	0	595	36.638655
2	Connor_e2	5	14	5	Betula	Betula	TRSH	Trees & Shrubs	TRSH	True	True	Trees & Shrubs	0	595	2.3529412
3	Connor_e2	574	7	7	Carpinus betulus	Carpinus betulus	TRSH	Trees & Shrubs	TRSH	True	True	Trees & Shrubs	0	595	1.1764706
4	Connor_e2	47	1	47	Castanea sativa	Castanea sativa	TRSH	Trees & Shrubs	TRSH	True	True	Trees & Shrubs	0	595	0.16806723
5	Connor_e2	59	22	9	Corylus avellana	Corylus	TRSH	Trees & Shrubs	TRSH	True	True	Trees & Shrubs	0	595	3.697479
6	Connor_e2	2541	1	468	Erica arborea-type	Erica arborea-type	TRSH	Trees & Shrubs	TRSH	True	True	Trees & Shrubs	0	595	0.16806723
7	Connor_e2	12	7	12	Fagus	Fagus	TRSH	Trees & Shrubs	TRSH	True	True	Trees & Shrubs	0	595	1.1764706
8	Connor_e2	578	1	481	Frangula alnus	Frangula alnus	TRSH	Trees & Shrubs	TRSH	True	True	Trees & Shrubs	0	595	0.16806723
9	Connor_e2	75	1	75	Fraxinus excelsior	Fraxinus excelsior-type	TRSH	Trees & Shrubs	TRSH	True	True	Trees & Shrubs	0	595	0.16806723
10	Connor_e2	72	4	72	Fraxinus ornus	Fraxinus ornus	TRSH	Trees & Shrubs	TRSH	True	True	Trees & Shrubs	0	595	0.67226891
11	Connor_e2	1158	6	211	Juglans regia	Juglans regia	TRSH	Trees & Shrubs	TRSH	True	True	Trees & Shrubs	0	595	1.0084034
12	Connor_e2	85	1	85	Juniperus	Juniperus communis-type	TRSH	Trees & Shrubs	TRSH	True	True	Trees & Shrubs	0	595	0.16806723
13	Connor_e2	95	2	95	Olea europaea	Olea europaea	TRSH	Trees & Shrubs	TRSH	True	True	Trees & Shrubs	0	595	0.33613445
14	Connor_e2	583	37	97	Ostrya-type	Ostrya/Carpinus orientalis	TRSH	Trees & Shrubs	TRSH	True	True	Trees & Shrubs	0	595	6.2184874
15	Connor_e2	18	1	18	Picea	Picea	TRSH	Trees & Shrubs	TRSH	True	True	Trees & Shrubs	0	595	0.16806723
16	Connor_e2	2429	15	147	Pinus peuce	Pinus cembra-type	TRSH	Trees & Shrubs	TRSH	True	True	Trees & Shrubs	0	595	2.5210084
17	Connor_e2	3861	108	3861	Pinus subgen. Pinus	Pinus subgen. Pinus	TRSH	Trees & Shrubs	TRSH	True	True	Trees & Shrubs	0	595	18.151261
18	Connor_e2	104	2	104	Platanus	Platanus	TRSH	Trees & Shrubs	TRSH	True	True	Trees & Shrubs	0	595	0.33613445
19	Connor_e2	107	1	107	Populus	Populus	TRSH	Trees & Shrubs	TRSH	True	True	Trees & Shrubs	0	595	0.16806723
20	Connor_e2	1061	4	110	Quercus cerris-type	Quercus cerris-type	TRSH	Trees & Shrubs	TRSH	True	True	Trees & Shrubs	0	595	0.67226891
21	Connor_e2	1062	4	22	Quercus ilex-type	Quercus ilex-type	TRSH	Trees & Shrubs	TRSH	True	True	Trees & Shrubs	0	595	0.67226891
22	Connor_e2	173	53	21	Quercus robur-type	Quercus robur-type	TRSH	Trees & Shrubs	TRSH	True	True	Trees & Shrubs	0	595	8.907563
23	Connor_e2	25	6	25	Salix	Salix	TRSH	Trees & Shrubs	TRSH	True	True	Trees & Shrubs	0	595	1.0084034
24	Connor_e2	31	1	31	Ulmus	Ulmus/Zelkova	TRSH	Trees & Shrubs	TRSH	True	True	Trees & Shrubs	0	595	0.16806723
25	Connor_e2	146	1	146	Vitis	Vitis	TRSH	Trees & Shrubs	TRSH	True	True	Trees & Shrubs	0	595	0.16806723
26	Connor_e2	597	1	597	Ambrosia	Ambrosia	HERB	Herbs	HERB	True	True	Herbs	5	595	0.16806723
27	Connor_e2	1448	1	40	Astragalus-type	Astragalus-type	HERB	Herbs	HERB	True	True	Herbs	5	595	0.16806723
28	Connor_e2	494	1	42	Cruciferae	Brassicaceae	HERB	Herbs	HERB	True	True	Herbs	5	595	0.16806723
29	Connor_e2	958	3	49	Cerastium-type	Cerastium-type	HERB	Herbs	HERB	True	True	Herbs	5	595	0.50420168
30	Connor_e2	129	1	50	Secale	Cerealia-type	HERB	Herbs	HERB	True	True	Herbs	5	595	0.16806723
31	Connor_e2	2563	1	1134	Chaerophyllum hirsutum-type	Chaerophyllum hirsutum-type	HERB	Herbs	HERB	True	True	Herbs	5	595	0.16806723
32	Connor_e2	1805	1	52	Amaranthus	Chenopodiaceae/Amaranthaceae	HERB	Herbs	HERB	True	True	Herbs	5	595	0.16806723
33	Connor_e2	2564	6	52	Chenopodiaceae-type	Chenopodiaceae/Amaranthaceae	HERB	Herbs	HERB	True	True	Herbs	5	595	1.0084034
34	Connor_e2	61	10	61	Cyperaceae	Cyperaceae	HERB	Herbs	HERB	True	True	Herbs	5	595	1.6806723
35	Connor_e2	68	1	68	Euphorbia	Euphorbia	HERB	Herbs	HERB	True	True	Herbs	5	595	0.16806723
36	Connor_e2	3518	1	71	Falcaria-type	Falcaria-type	HERB	Herbs	HERB	True	True	Herbs	5	595	0.16806723
37	Connor_e2	80	1	80	Helianthemum	Helianthemum	HERB	Herbs	HERB	True	True	Herbs	5	595	0.16806723
38	Connor_e2	3030	1	1651	Helianthus	Helianthus	HERB	Herbs	HERB	True	True	Herbs	5	595	0.16806723
39	Connor_e2	2580	1	2580	Minuartia rubra-type	Minuartia rubra-type/Bufonia	HERB	Herbs	HERB	True	True	Herbs	5	595	0.16806723
40	Connor_e2	1085	13	87	Plantago lanceolata-type	Plantago lanceolata-type	HERB	Herbs	HERB	True	True	Herbs	5	595	2.1848739
41	Connor_e2	105	1	105	Plantago major	Plantago major	HERB	Herbs	HERB	True	True	Herbs	5	595	0.16806723
42	Connor_e2	1611	18	106	Gramineae	Poaceae	HERB	Herbs	HERB	True	True	Herbs	5	595	3.0252101
43	Connor_e2	641	1	113	Ranunculus acris-type	Ranunculus acris-type	HERB	Herbs	HERB	True	True	Herbs	5	595	0.16806723
44	Connor_e2	119	1	119	Rubiaceae	Rubiaceae	HERB	Herbs	HERB	True	True	Herbs	5	595	0.16806723
45	Connor_e2	122	1	122	Rumex acetosella	Rumex acetosella	HERB	Herbs	HERB	True	True	Herbs	5	595	0.16806723
46	Connor_e2	1051	1	1051	Scleranthus	Scleranthus	HERB	Herbs	HERB	True	True	Herbs	5	595	0.16806723
47	Connor_e2	4145	1	4145	Serratula-type	Serratula-type	HERB	Herbs	HERB	True	True	Herbs	5	595	0.16806723
48	Connor_e2	4312	1	4312	Xanthium strumarium	Xanthium strumarium	HERB	Herbs	HERB	True	True	Herbs	5	595	0.16806723
49	Connor_e2	3747	3	167	Monolete fern spores	Monolete fern spores	VACR	Vascular cryptogams (Pteridophytes)	VACR	True	True	Ferns	6	595	0.50420168
50	Connor_e2	3790	1	254	Ophioglossum vulgatum	Ophioglossum vulgatum	VACR	Vascular cryptogams (Pteridophytes)	VACR	True	True	Ferns	6	595	0.16806723
51	Connor_e2	200	3	200	Pteridium aquilinum	Pteridium aquilinum	VACR	Vascular cryptogams (Pteridophytes)	VACR	True	True	Ferns	6	595	0.50420168
52	Connor_e2	564	2	382	Isoetes	Isoetes	AQPT	Aquatic Pteridophyta	AQUA	False	True	Aquatics	7	595	0.33613445
53	Connor_e2	3941	5	133	Potamogeton-type	Potamogeton-type	AQUA	Aquatics	AQUA	False	True	Aquatics	7	595	0.84033613
54	Connor_e2	1096	5	196	Sparganium-type	Sparganium-type	AQUA	Aquatics	AQUA	False	True	Aquatics	7	595	0.84033613
55	Connor_e2	1244	5	925	Typha latifolia-type	Typha latifolia-type	HELO	Helophytes	AQUA	False	True	Aquatics	7	595	0.84033613
