	samplename	var_	count	acc_var_	original_varname	acc_varname	groupid	groupname	higher_groupid	included_in_percent_sum	make_percent	higher_groupname	group_order	sums	percentage
0	Connor_a7	2	5	2	Acer	Acer campestre-type	TRSH	Trees & Shrubs	TRSH	True	True	Trees & Shrubs	0	900	0.55555556
1	Connor_a7	175	8	175	Alnus glutinosa-type	Alnus glutinosa-type	TRSH	Trees & Shrubs	TRSH	True	True	Trees & Shrubs	0	900	0.88888889
2	Connor_a7	5	1	5	Betula	Betula	TRSH	Trees & Shrubs	TRSH	True	True	Trees & Shrubs	0	900	0.11111111
3	Connor_a7	574	97	7	Carpinus betulus	Carpinus betulus	TRSH	Trees & Shrubs	TRSH	True	True	Trees & Shrubs	0	900	10.777778
4	Connor_a7	47	3	47	Castanea sativa	Castanea sativa	TRSH	Trees & Shrubs	TRSH	True	True	Trees & Shrubs	0	900	0.33333333
5	Connor_a7	9	2	9	Corylus	Corylus	TRSH	Trees & Shrubs	TRSH	True	True	Trees & Shrubs	0	900	0.22222222
6	Connor_a7	3418	3	3418	Crataegus-type	Crataegus-type	TRSH	Trees & Shrubs	TRSH	True	True	Trees & Shrubs	0	900	0.33333333
7	Connor_a7	2539	1	2539	Elaeagnus	Elaeagnus	TRSH	Trees & Shrubs	TRSH	True	True	Trees & Shrubs	0	900	0.11111111
8	Connor_a7	12	15	12	Fagus	Fagus	TRSH	Trees & Shrubs	TRSH	True	True	Trees & Shrubs	0	900	1.6666667
9	Connor_a7	13	40	13	Fraxinus	Fraxinus	TRSH	Trees & Shrubs	TRSH	True	True	Trees & Shrubs	0	900	4.4444444
10	Connor_a7	1158	3	211	Juglans regia	Juglans regia	TRSH	Trees & Shrubs	TRSH	True	True	Trees & Shrubs	0	900	0.33333333
11	Connor_a7	85	3	85	Juniperus	Juniperus communis-type	TRSH	Trees & Shrubs	TRSH	True	True	Trees & Shrubs	0	900	0.33333333
12	Connor_a7	95	1	95	Olea europaea	Olea europaea	TRSH	Trees & Shrubs	TRSH	True	True	Trees & Shrubs	0	900	0.11111111
13	Connor_a7	583	9	97	Ostrya-type	Ostrya/Carpinus orientalis	TRSH	Trees & Shrubs	TRSH	True	True	Trees & Shrubs	0	900	1
14	Connor_a7	3846	3	3846	Picea orientalis	Picea orientalis	TRSH	Trees & Shrubs	TRSH	True	True	Trees & Shrubs	0	900	0.33333333
15	Connor_a7	19	41	19	Pinus	Pinus	TRSH	Trees & Shrubs	TRSH	True	True	Trees & Shrubs	0	900	4.5555556
16	Connor_a7	216	1	104	Platanus orientalis	Platanus	TRSH	Trees & Shrubs	TRSH	True	True	Trees & Shrubs	0	900	0.11111111
17	Connor_a7	21	140	21	Quercus deciduous	Quercus robur-type	TRSH	Trees & Shrubs	TRSH	True	True	Trees & Shrubs	0	900	15.555556
18	Connor_a7	1242	1	132	Sorbus-type	Sorbus-type	TRSH	Trees & Shrubs	TRSH	True	True	Trees & Shrubs	0	900	0.11111111
19	Connor_a7	29	2	29	Tilia	Tilia	TRSH	Trees & Shrubs	TRSH	True	True	Trees & Shrubs	0	900	0.22222222
20	Connor_a7	32	1	32	Viburnum	Viburnum	TRSH	Trees & Shrubs	TRSH	True	True	Trees & Shrubs	0	900	0.11111111
21	Connor_a7	3066	3	3066	Adoxa	Adoxa	HERB	Herbs	HERB	True	True	Herbs	5	900	0.33333333
22	Connor_a7	1336	1	538	Allium-type	Allium-type	HERB	Herbs	HERB	True	True	Herbs	5	900	0.11111111
23	Connor_a7	1387	1	597	Ambrosia-type	Ambrosia	HERB	Herbs	HERB	True	True	Herbs	5	900	0.11111111
24	Connor_a7	3088	1	3088	Ammi-type	Ammi-type	HERB	Herbs	HERB	True	True	Herbs	5	900	0.11111111
25	Connor_a7	2964	1	36	Apiaceae undifferentiated	Apiaceae	HERB	Herbs	HERB	True	True	Herbs	5	900	0.11111111
26	Connor_a7	2556	2	36	Bupleurum-type	Apiaceae	HERB	Herbs	HERB	True	True	Herbs	5	900	0.22222222
27	Connor_a7	37	38	37	Artemisia	Artemisia	HERB	Herbs	HERB	True	True	Herbs	5	900	4.2222222
28	Connor_a7	608	1	41	Aster-type	Aster-type	HERB	Herbs	HERB	True	True	Herbs	5	900	0.11111111
29	Connor_a7	2291	1	1469	Bidens-type	Bidens-type	HERB	Herbs	HERB	True	True	Herbs	5	900	0.11111111
30	Connor_a7	1391	1	1391	Carduus-type	Carduus-type	HERB	Herbs	HERB	True	True	Herbs	5	900	0.11111111
31	Connor_a7	3237	2	3237	Caryophyllaceae undifferentiated	Caryophyllaceae undifferentiated	HERB	Herbs	HERB	True	True	Herbs	5	900	0.22222222
32	Connor_a7	1352	3	57	Centaurea nigra-type	Centaurea nigra-type	HERB	Herbs	HERB	True	True	Herbs	5	900	0.33333333
33	Connor_a7	958	3	49	Cerastium-type	Cerastium-type	HERB	Herbs	HERB	True	True	Herbs	5	900	0.33333333
34	Connor_a7	3329	9	3329	Chaerophyllum-type	Chaerophyllum-type	HERB	Herbs	HERB	True	True	Herbs	5	900	1
35	Connor_a7	52	71	52	Chenopodiaceae	Chenopodiaceae/Amaranthaceae	HERB	Herbs	HERB	True	True	Herbs	5	900	7.8888889
36	Connor_a7	1253	6	614	Cirsium-type	Cirsium	HERB	Herbs	HERB	True	True	Herbs	5	900	0.66666667
37	Connor_a7	1252	47	1252	Cichorium-type	Crepis-type	HERB	Herbs	HERB	True	True	Herbs	5	900	5.2222222
38	Connor_a7	61	84	61	Cyperaceae	Cyperaceae	HERB	Herbs	HERB	True	True	Herbs	5	900	9.3333333
39	Connor_a7	3448	1	3448	Digitalis purpurea-type	Digitalis purpurea-type	HERB	Herbs	HERB	True	True	Herbs	5	900	0.11111111
40	Connor_a7	1146	1	1146	Eryngium	Eryngium	HERB	Herbs	HERB	True	True	Herbs	5	900	0.11111111
41	Connor_a7	3548	10	3548	Galium-type	Galium-type	HERB	Herbs	HERB	True	True	Herbs	5	900	1.1111111
42	Connor_a7	960	2	274	Hordeum-type	Hordeum-type	HERB	Herbs	HERB	True	True	Herbs	5	900	0.22222222
43	Connor_a7	1350	1	221	Cannabis-type	Humulus/Cannabis	HERB	Herbs	HERB	True	True	Herbs	5	900	0.11111111
44	Connor_a7	1230	4	840	Hypericum perforatum-type	Hypericum perforatum-type	HERB	Herbs	HERB	True	True	Herbs	5	900	0.44444444
45	Connor_a7	3724	26	2578	Lythrum salicaria-type	Lythrum salicaria-type	HERB	Herbs	HERB	True	True	Herbs	5	900	2.8888889
46	Connor_a7	600	6	34	Anthemis-type	Matricaria-type	HERB	Herbs	HERB	True	True	Herbs	5	900	0.66666667
47	Connor_a7	1083	1	92	Mentha-type	Mentha-type	HERB	Herbs	HERB	True	True	Herbs	5	900	0.11111111
48	Connor_a7	3737	1	3737	Mercurialis annua-type	Mercurialis annua-type	HERB	Herbs	HERB	True	True	Herbs	5	900	0.11111111
49	Connor_a7	809	1	247	Polygonum persicaria	Persicaria maculosa-type	HERB	Herbs	HERB	True	True	Herbs	5	900	0.11111111
50	Connor_a7	1277	1	100	Peucedanum-type	Peucedanum-type	HERB	Herbs	HERB	True	True	Herbs	5	900	0.11111111
51	Connor_a7	1085	6	87	Plantago lanceolata-type	Plantago lanceolata-type	HERB	Herbs	HERB	True	True	Herbs	5	900	0.66666667
52	Connor_a7	1358	2	105	Plantago major-type	Plantago major	HERB	Herbs	HERB	True	True	Herbs	5	900	0.22222222
53	Connor_a7	2769	6	91	Plantago maritima-type	Plantago maritima-type	HERB	Herbs	HERB	True	True	Herbs	5	900	0.66666667
54	Connor_a7	106	131	106	Poaceae	Poaceae	HERB	Herbs	HERB	True	True	Herbs	5	900	14.555556
55	Connor_a7	1088	7	278	Polygonum aviculare-type	Polygonum aviculare-type	HERB	Herbs	HERB	True	True	Herbs	5	900	0.77777778
56	Connor_a7	636	1	636	Polygonum bistorta	Polygonum bistorta	HERB	Herbs	HERB	True	True	Herbs	5	900	0.11111111
57	Connor_a7	641	2	113	Ranunculus acris-type	Ranunculus acris-type	HERB	Herbs	HERB	True	True	Herbs	5	900	0.22222222
58	Connor_a7	2438	1	290	Ranunculus-type	Ranunculus-type	HERB	Herbs	HERB	True	True	Herbs	5	900	0.11111111
59	Connor_a7	4138	1	4138	Secale-type	Secale-type	HERB	Herbs	HERB	True	True	Herbs	5	900	0.11111111
60	Connor_a7	1413	6	262	Sinapis-type	Sinapis-type	HERB	Herbs	HERB	True	True	Herbs	5	900	0.66666667
61	Connor_a7	137	4	137	Thalictrum	Thalictrum	HERB	Herbs	HERB	True	True	Herbs	5	900	0.44444444
62	Connor_a7	4212	1	2596	Thesium	Thesium	HERB	Herbs	HERB	True	True	Herbs	5	900	0.11111111
63	Connor_a7	1795	3	141	Trifolium repens-type	Trifolium repens-type	HERB	Herbs	HERB	True	True	Herbs	5	900	0.33333333
64	Connor_a7	1243	1	1209	Triticum-type	Triticum-type	HERB	Herbs	HERB	True	True	Herbs	5	900	0.11111111
65	Connor_a7	663	2	663	Urtica	Urtica	HERB	Herbs	HERB	True	True	Herbs	5	900	0.22222222
66	Connor_a7	145	1	145	Vicia	Vicia-type	HERB	Herbs	HERB	True	True	Herbs	5	900	0.11111111
67	Connor_a7	1421	3	1054	Xanthium-type	Xanthium	HERB	Herbs	HERB	True	True	Herbs	5	900	0.33333333
68	Connor_a7	3747	6	167	Monolete fern spores	Monolete fern spores	VACR	Vascular cryptogams (Pteridophytes)	VACR	True	True	Ferns	6	900	0.66666667
69	Connor_a7	2446	4	2278	Ophioglossum	Ophioglossum	VACR	Vascular cryptogams (Pteridophytes)	VACR	True	True	Ferns	6	900	0.44444444
70	Connor_a7	1279	2	1279	Pteridium	Pteridium	VACR	Vascular cryptogams (Pteridophytes)	VACR	True	True	Ferns	6	900	0.22222222
71	Connor_a7	3076	12	3076	Alisma	Alisma	AQUA	Aquatics	AQUA	False	True	Aquatics	7	900	1.3333333
72	Connor_a7	674	28	674	Botryococcus	Botryococcus	ALGA	Algae	AQUA	False	True	Aquatics	7	900	3.1111111
73	Connor_a7	1433	7	248	Caltha-type	Caltha-type	HELO	Helophytes	AQUA	False	True	Aquatics	7	900	0.77777778
74	Connor_a7	3677	5	3677	Lemna-type	Lemna-type	AQUA	Aquatics	AQUA	False	True	Aquatics	7	900	0.55555556
75	Connor_a7	673	192	673	Pediastrum	Pediastrum	ALGA	Algae	AQUA	False	True	Aquatics	7	900	21.333333
76	Connor_a7	3841	23	3841	Phragmites-type	Phragmites-type	AQUA	Aquatics	AQUA	False	True	Aquatics	7	900	2.5555556
77	Connor_a7	668	13	133	Potamogeton	Potamogeton-type	AQUA	Aquatics	AQUA	False	True	Aquatics	7	900	1.4444444
78	Connor_a7	1096	17	196	Sparganium-type	Sparganium-type	AQUA	Aquatics	AQUA	False	True	Aquatics	7	900	1.8888889
79	Connor_a7	740	5	331	Spirogyra	Spirogyra	ALGA	Algae	AQUA	False	True	Aquatics	7	900	0.55555556
80	Connor_a7	745	25	745	Typha-type	Typha/Sparganium	AQUA	Aquatics	AQUA	False	True	Aquatics	7	900	2.7777778
81	Connor_a7	3514	3	3514	Fabaceae undifferentiated	Fabaceae undifferentiated	INUN	Indeterminables and unknowns	INUN	False	False	Indeterminables and unknowns	16	900	
82	Connor_a7	729	8	729	Indeterminable: degraded	Indeterminable: degraded	INUN	Indeterminables and unknowns	INUN	False	False	Indeterminables and unknowns	16	900	
83	Connor_a7	3060	12	3060	Acritarchs	Acritarchs	ACRI	Acritarchs	NOPO	False	False	Nonpollen	30	900	
84	Connor_a7	3256	11	3256	Ceratophyllum spines	Ceratophyllum spines	MACR	Macrofossils	NOPO	False	False	Nonpollen	30	900	
85	Connor_a7	3350	3	3350	Chironomid	Chironomid	NOPO	Nonpollen	NOPO	False	False	Nonpollen	30	900	
86	Connor_a7	688	30	569	Sporormiella	Sporormiella-type	FUNG	Fungi	NOPO	False	False	Nonpollen	30	900	
